{
  "project_info": {
    "project_number": "1012505566645",
    "firebase_url": "https://nikeshoestore-20831-default-rtdb.firebaseio.com",
    "project_id": "nikeshoestore-20831",
    "storage_bucket": "nikeshoestore-20831.appspot.com"
  },
  "client": [
    {
      "client_info": {
        "mobilesdk_app_id": "1:1012505566645:android:15e2c5b20c5eb7f73fcdfc",
        "android_client_info": {
          "package_name": "com.example.nikestoreapp"
        }
      },
      "oauth_client": [
        {
          "client_id": "1012505566645-82rofhdf01uits31bfef45ng3rnifd4t.apps.googleusercontent.com",
          "client_type": 1,
          "android_info": {
            "package_name": "com.example.nikestoreapp",
            "certificate_hash": "8a9929c247714e4d7f76de8c6395840116c884ba"
          }
        },
        {
          "client_id": "1012505566645-it95790h8ug07hsmvj72ln4gfp95hjt3.apps.googleusercontent.com",
          "client_type": 3
        }
      ],
      "api_key": [
        {
          "current_key": "AIzaSyA7R398-PiCep-Eb8xUzHViTqzCcLG1ufQ"
        }
      ],
      "services": {
        "appinvite_service": {
          "other_platform_oauth_client": [
            {
              "client_id": "1012505566645-it95790h8ug07hsmvj72ln4gfp95hjt3.apps.googleusercontent.com",
              "client_type": 3
            }
          ]
        }
      }
    }
  ],
  "configuration_version": "1"
}